disp,chain,iter,value
1,1,1,6.22175685465172
1,1,2,5.96339054615328
1,1,3,6.20680841658176
1,1,4,6.38519155430631
1,1,5,6.10316908584275
1,1,6,6.08691221601164
1,1,7,5.82940404192055
1,1,8,6.00379278756511
1,1,9,6.15640465231523
1,1,10,5.6049622428018
1,1,11,5.56482648219828
1,1,12,5.70146607145922
1,1,13,5.74984196166633
1,1,14,5.71036801954557
1,1,15,6.27129781393467
1,1,16,5.55524935969858
1,1,17,5.9321244503629
1,1,18,5.78553015860887
1,1,19,6.06436693163827
1,1,20,5.61103560058742
1,2,1,5.98825430687735
1,2,2,6.35105183090946
1,2,3,6.14208313168218
1,2,4,5.89228040051305
1,2,5,5.98693821742942
1,2,6,5.57063346020824
1,2,7,6.18822646159075
1,2,8,6.12054652977309
1,2,9,6.98819402850278
1,2,10,5.90546797242917
1,2,11,5.78898553771729
1,2,12,5.96282004717443
1,2,13,5.64132496396636
1,2,14,5.79398783057538
1,2,15,5.69104106850178
1,2,16,5.71168330551496
1,2,17,5.94619220727957
1,2,18,6.06075478298044
1,2,19,6.06434972374536
1,2,20,6.74972165530285
1,3,1,5.97193605038038
1,3,2,6.21642196375881
1,3,3,5.95826239740378
1,3,4,5.50644363991413
1,3,5,5.47568175870636
1,3,6,5.52830794051746
1,3,7,5.98640195719876
1,3,8,5.9939491330967
1,3,9,6.14557893213298
1,3,10,6.12578479559983
1,3,11,6.20587380514856
1,3,12,6.03248026351988
1,3,13,6.28429845572457
1,3,14,6.09184555907409
1,3,15,6.15763656165824
1,3,16,6.06119201883826
1,3,17,5.99538637987998
1,3,18,6.53765776063164
1,3,19,5.9929593132995
1,3,20,5.88772464035966
1,4,1,5.98307951686236
1,4,2,5.74628729645975
1,4,3,5.78631221387374
1,4,4,5.80909079926243
1,4,5,5.6303438241272
1,4,6,5.66850046612501
1,4,7,6.42005200658766
1,4,8,6.154593037455
1,4,9,5.54651686635239
1,4,10,5.51347005979542
1,4,11,5.71094899250943
1,4,12,5.83869692691867
1,4,13,5.52309928362444
1,4,14,5.39060269914931
1,4,15,5.18944103765597
1,4,16,5.1520706568139
1,4,17,5.21883122890655
1,4,18,4.95884045450203
1,4,19,5.1465136920973
1,4,20,4.94091047481541
1,5,1,6.11265461420841
1,5,2,6.51092072291588
1,5,3,6.18084953835068
1,5,4,5.80982087322106
1,5,5,6.1691539933107
1,5,6,5.95074601316001
1,5,7,6.02311142467891
1,5,8,5.89564550575948
1,5,9,5.64230437868196
1,5,10,5.75960337965841
1,5,11,5.78988239785495
1,5,12,5.62583482572397
1,5,13,5.75232178790922
1,5,14,5.38818993099655
1,5,15,5.6782052003402
1,5,16,5.61463060038618
1,5,17,5.30828593784754
1,5,18,5.44186041666904
1,5,19,5.83175139725062
1,5,20,5.93790663688047
1,6,1,6.19745269445505
1,6,2,6.1475422280728
1,6,3,5.87963024176435
1,6,4,5.63955534731315
1,6,5,5.76313492752425
1,6,6,5.59923689434603
1,6,7,5.41591024289785
1,6,8,5.979200321058
1,6,9,5.54824148683107
1,6,10,5.57972632867532
1,6,11,5.62668056513737
1,6,12,5.67299103089586
1,6,13,6.44246292266337
1,6,14,6.08684662230219
1,6,15,5.54420737476109
1,6,16,6.00614023743991
1,6,17,6.03565218572052
1,6,18,6.01898189839762
1,6,19,6.13097511203799
1,6,20,6.51091422612531
1,7,1,6.08034086861729
1,7,2,6.16575941918851
1,7,3,5.69923863475829
1,7,4,5.74181888047035
1,7,5,5.55924299915546
1,7,6,5.3371166875035
1,7,7,6.0824415669459
1,7,8,5.60418083819765
1,7,9,5.26996931401768
1,7,10,5.48193334425544
1,7,11,5.35241528584715
1,7,12,5.66978917718948
1,7,13,5.66179568872248
1,7,14,5.45925274733459
1,7,15,5.32349019007729
1,7,16,5.34423539317057
1,7,17,5.65653671942637
1,7,18,5.28303227008673
1,7,19,5.18666092637179
1,7,20,5.45223364588336
1,8,1,6.20936503350898
1,8,2,6.43962301926102
1,8,3,6.68864280077263
1,8,4,6.6741406398318
1,8,5,7.00354636286831
1,8,6,6.48642859365168
1,8,7,6.36450827465224
1,8,8,6.27718586822766
1,8,9,7.05523795230677
1,8,10,6.08975615305183
1,8,11,5.88656465096464
1,8,12,5.3390935759563
1,8,13,5.72827598538244
1,8,14,6.11024791746692
1,8,15,5.96971464832703
1,8,16,5.79179008458498
1,8,17,5.9169803534414
1,8,18,6.48461970354786
1,8,19,6.25109457285035
1,8,20,6.57683139993817
1,9,1,6.05232006685271
1,9,2,5.93581951631881
1,9,3,5.90959083554245
1,9,4,6.12864779645357
1,9,5,5.96716971591202
1,9,6,5.77837164289456
1,9,7,5.51865730091636
1,9,8,5.32598432710656
1,9,9,5.87195105763713
1,9,10,5.46001651344782
1,9,11,5.64906737179621
1,9,12,5.20895580933834
1,9,13,5.82457184932226
1,9,14,5.63927804798399
1,9,15,5.62629527435819
1,9,16,5.47381623425314
1,9,17,5.62450382730618
1,9,18,6.04371045234309
1,9,19,6.06932879493312
1,9,20,5.91594269952305
1,10,1,6.05671813853044
1,10,2,5.71611930073663
1,10,3,5.88933240251936
1,10,4,5.65913128281185
1,10,5,5.58542574018104
1,10,6,5.47944653277403
1,10,7,5.67466504863059
1,10,8,5.90871474626814
1,10,9,5.70853356497672
1,10,10,5.69591006280456
1,10,11,5.92178222254752
1,10,12,5.75651779508114
1,10,13,6.48757835552019
1,10,14,5.86113464697004
1,10,15,6.12633473687277
1,10,16,5.98369899473766
1,10,17,6.09474145840963
1,10,18,5.73705406449137
1,10,19,5.80192546920288
1,10,20,6.16989779392229
2,1,1,6.07325843262077
2,1,2,5.96686502172895
2,1,3,5.77851750005698
2,1,4,5.60684691091112
2,1,5,5.11183652924424
2,1,6,4.99834424995385
2,1,7,5.07653066939061
2,1,8,4.8729441450525
2,1,9,4.83860801441433
2,1,10,5.13990126281192
2,1,11,5.2423052431178
2,1,12,4.70142332930323
2,1,13,5.32508777392887
2,1,14,5.33312529178859
2,1,15,4.87720758913511
2,1,16,5.27921614313326
2,1,17,5.07829228073343
2,1,18,5.00785363251914
2,1,19,4.84484437559864
2,1,20,4.75364166790241
2,2,1,5.88561783412549
2,2,2,5.54490123212938
2,2,3,5.9324827336461
2,2,4,5.69339403717542
2,2,5,5.65331175558621
2,2,6,5.63981522068266
2,2,7,5.77873566626022
2,2,8,6.10853661896675
2,2,9,5.49072013718265
2,2,10,6.14167793881915
2,2,11,5.86467156800223
2,2,12,5.74277639808471
2,2,13,5.83442346446781
2,2,14,5.64408199218435
2,2,15,5.66967906249781
2,2,16,5.66798891680574
2,2,17,5.43894183675606
2,2,18,5.48390257582324
2,2,19,5.3946840501446
2,2,20,5.40504256359778
2,3,1,5.94989906494027
2,3,2,5.91844383394235
2,3,3,6.20008929285535
2,3,4,5.7152773259508
2,3,5,5.90486834560698
2,3,6,5.59541246776583
2,3,7,5.73478025852655
2,3,8,5.5835016014198
2,3,9,5.81495513556296
2,3,10,5.4032869249984
2,3,11,5.42522208938523
2,3,12,5.64824871910206
2,3,13,5.25938725198526
2,3,14,4.86551823907593
2,3,15,4.87607626592258
2,3,16,5.02139299346361
2,3,17,5.01960137710989
2,3,18,4.92992562107981
2,3,19,4.68147658912647
2,3,20,4.88269731399731
2,4,1,6.11100208097593
2,4,2,5.61005407699973
2,4,3,5.74410912225558
2,4,4,5.72423736480532
2,4,5,6.16338479799253
2,4,6,5.55163311988475
2,4,7,5.41776456748926
2,4,8,5.43370137393954
2,4,9,5.90172819830837
2,4,10,5.81250353925531
2,4,11,5.7399052878692
2,4,12,6.24980889506039
2,4,13,5.97737374668492
2,4,14,6.14224958005868
2,4,15,5.38534281893579
2,4,16,6.01598678342744
2,4,17,5.53990820808212
2,4,18,5.060552024055
2,4,19,4.74596437178552
2,4,20,4.87836546465105
2,5,1,5.75889447758292
2,5,2,5.8701216503131
2,5,3,5.68676966478801
2,5,4,5.68016697960849
2,5,5,5.9275118557498
2,5,6,5.49239717658615
2,5,7,5.3210914379081
2,5,8,6.35610052480111
2,5,9,5.63908148451523
2,5,10,5.86380076530617
2,5,11,6.04536823230563
2,5,12,5.77772253547922
2,5,13,6.1171634794868
2,5,14,5.9459681841234
2,5,15,5.84885875038789
2,5,16,6.14059797381546
2,5,17,5.94169309709262
2,5,18,5.95755037257616
2,5,19,5.57756890447821
2,5,20,5.73907875027911
2,6,1,6.05831598428299
2,6,2,5.80174098127284
2,6,3,5.63689843933624
2,6,4,5.58969272247535
2,6,5,6.12015551324657
2,6,6,5.89178001049229
2,6,7,5.11047479291721
2,6,8,5.16542269738582
2,6,9,5.06499396459786
2,6,10,5.02413222657494
2,6,11,5.23422544828312
2,6,12,5.16091815084689
2,6,13,5.08185146972227
2,6,14,4.89777257964482
2,6,15,5.34244452515486
2,6,16,5.38787611722264
2,6,17,4.94918517390837
2,6,18,4.6110402538972
2,6,19,4.92832839617211
2,6,20,4.76254346153543
2,7,1,5.99940015790923
2,7,2,5.52371802502057
2,7,3,5.85930446854483
2,7,4,5.36202423740601
2,7,5,5.66060484777871
2,7,6,6.51155640955169
2,7,7,5.7898873435036
2,7,8,5.68605139641471
2,7,9,5.54776823036983
2,7,10,5.75993458415854
2,7,11,5.7529942076456
2,7,12,5.52995315598636
2,7,13,5.91455623553651
2,7,14,5.93465512677398
2,7,15,5.59695654266876
2,7,16,6.32668478593274
2,7,17,6.17284250593014
2,7,18,5.26608876331409
2,7,19,5.2061100015994
2,7,20,5.44580383885037
2,8,1,6.30214779831478
2,8,2,5.90301058095683
2,8,3,5.76352936491024
2,8,4,5.73306810232145
2,8,5,5.82829416276652
2,8,6,5.5289332959256
2,8,7,5.90318075063594
2,8,8,5.30574104790656
2,8,9,5.16260264210633
2,8,10,5.46793165167311
2,8,11,5.46672069942612
2,8,12,5.30596776884017
2,8,13,5.08977571260232
2,8,14,4.83749994876567
2,8,15,4.74474537722284
2,8,16,4.9546042231659
2,8,17,5.27249169790429
2,8,18,5.20125460435612
2,8,19,5.6594496990146
2,8,20,5.82512931144989
2,9,1,6.10594662573266
2,9,2,5.69887464092532
2,9,3,6.16482173395153
2,9,4,5.8680473465462
2,9,5,5.79307221515271
2,9,6,5.16128586204016
2,9,7,5.57330478421017
2,9,8,5.6224920888828
2,9,9,5.20051850780272
2,9,10,5.10093604435541
2,9,11,5.34692157480939
2,9,12,5.41155746370908
2,9,13,5.39111904851437
2,9,14,5.20811752118172
2,9,15,5.56352164542949
2,9,16,5.13755451520832
2,9,17,5.16927006184256
2,9,18,5.42691207260567
2,9,19,5.32247490975445
2,9,20,5.2546788192962
2,10,1,5.98001882541345
2,10,2,5.72293790499671
2,10,3,6.08475108847785
2,10,4,5.77545073278763
2,10,5,5.8820334235177
2,10,6,4.83674672860239
2,10,7,5.23876065949448
2,10,8,5.0672399006614
2,10,9,4.23294522149465
2,10,10,4.73659676521539
2,10,11,4.56769216909569
2,10,12,4.61213070804099
2,10,13,4.50690695157653
2,10,14,4.50271302572141
2,10,15,4.01535948568503
2,10,16,4.29766109144621
2,10,17,4.5742786997383
2,10,18,5.04321173367697
2,10,19,4.91766230805513
2,10,20,4.53647598918955
3,1,1,5.99640999720314
3,1,2,5.51819829424983
3,1,3,5.37433442989739
3,1,4,4.8884739104405
3,1,5,4.72669119706819
3,1,6,5.30864801725644
3,1,7,5.35726349599456
3,1,8,5.72040076818517
3,1,9,5.63479416656421
3,1,10,5.67466140698865
3,1,11,5.42362168845762
3,1,12,5.55393369797465
3,1,13,5.82253512157679
3,1,14,5.3329431885855
3,1,15,5.45276415183951
3,1,16,5.51292222826887
3,1,17,5.98513613986219
3,1,18,5.91153943360467
3,1,19,5.65684328345034
3,1,20,5.20032565940206
3,2,1,5.85682613873398
3,2,2,5.78719841781864
3,2,3,5.54834498472375
3,2,4,5.63880437008626
3,2,5,5.85482259929503
3,2,6,5.96937193820807
3,2,7,5.69279708863401
3,2,8,5.5183796175911
3,2,9,5.08859173566236
3,2,10,5.3276742325395
3,2,11,5.43438696709881
3,2,12,5.56223436909995
3,2,13,5.29262116403716
3,2,14,5.68685567709305
3,2,15,5.62564638108169
3,2,16,5.43426467566454
3,2,17,5.33596526532016
3,2,18,5.08629084645121
3,2,19,4.90167761641155
3,2,20,5.04616275045112
3,3,1,5.83192241069006
3,3,2,5.72479770372271
3,3,3,5.89867914460375
3,3,4,5.51334459710619
3,3,5,5.7969300684782
3,3,6,5.91726748763818
3,3,7,6.00806405880313
3,3,8,5.7019741198286
3,3,9,6.03796923445641
3,3,10,5.48104412248837
3,3,11,5.93364887557951
3,3,12,6.04494069452369
3,3,13,5.84563018780131
3,3,14,5.52251209372242
3,3,15,5.55176454709297
3,3,16,5.5175630848124
3,3,17,5.48549746918907
3,3,18,5.55264758413311
3,3,19,5.21124830815773
3,3,20,5.23834468654518
3,4,1,6.00274026265572
3,4,2,5.83265971061428
3,4,3,5.68782790842351
3,4,4,5.85556497964496
3,4,5,5.62200080911863
3,4,6,5.97312462517859
3,4,7,6.04969997118155
3,4,8,6.33079411665545
3,4,9,5.71754802692496
3,4,10,5.87024933460376
3,4,11,5.39909573057333
3,4,12,5.08663775837989
3,4,13,5.44466298833349
3,4,14,5.05283486913648
3,4,15,5.08382983231902
3,4,16,5.01393388134751
3,4,17,4.60287963488245
3,4,18,4.51324801873507
3,4,19,4.88316864939592
3,4,20,4.59200476773372
3,5,1,5.97602722507262
3,5,2,5.88518742626613
3,5,3,6.05399652954699
3,5,4,5.81583440786194
3,5,5,5.45181687588909
3,5,6,5.49853914127871
3,5,7,5.56785379218418
3,5,8,5.59986723059209
3,5,9,5.95761931071003
3,5,10,5.89776683154506
3,5,11,5.33697911031384
3,5,12,5.4491793767753
3,5,13,5.854913589481
3,5,14,5.59650185516258
3,5,15,5.85500083055557
3,5,16,5.48879162763077
3,5,17,5.91451700938557
3,5,18,5.33107680629885
3,5,19,5.24886801751293
3,5,20,5.4543292078083
3,6,1,6.08963219589809
3,6,2,5.89569005794686
3,6,3,6.17194698272591
3,6,4,6.21429743004391
3,6,5,5.98694032450525
3,6,6,5.90868513743754
3,6,7,5.74197499116767
3,6,8,5.61595135977537
3,6,9,5.47593386753065
3,6,10,5.66991746352459
3,6,11,5.83963626107284
3,6,12,6.39119805989007
3,6,13,6.2499297042102
3,6,14,6.34911172037449
3,6,15,6.71395995360733
3,6,16,6.23310902475523
3,6,17,6.75915581032249
3,6,18,6.54155532960425
3,6,19,5.83878109938113
3,6,20,6.43788996228923
3,7,1,6.06738518549058
3,7,2,5.96957038539384
3,7,3,5.66926289484222
3,7,4,5.9930945424786
3,7,5,5.43629269643808
3,7,6,5.73166598178621
3,7,7,5.51273914135865
3,7,8,5.88198304189212
3,7,9,5.76055370436379
3,7,10,6.46117228705657
3,7,11,6.51410946256988
3,7,12,5.64260309010701
3,7,13,5.43031045566798
3,7,14,5.56164685035354
3,7,15,5.75785255114683
3,7,16,6.37479968024641
3,7,17,6.0702281481704
3,7,18,6.72405914814816
3,7,19,6.25778724869126
3,7,20,6.2914512292296
3,8,1,6.17828029880368
3,8,2,5.91421077700231
3,8,3,5.66896491134576
3,8,4,6.18268138040956
3,8,5,5.63557741985834
3,8,6,5.62881300012264
3,8,7,5.31313468482666
3,8,8,5.51794856011846
3,8,9,5.68699532075138
3,8,10,5.63469080953976
3,8,11,5.34740887878368
3,8,12,5.33332094472755
3,8,13,5.19809550744159
3,8,14,5.24409122651586
3,8,15,5.95366766701786
3,8,16,5.4626972146786
3,8,17,5.38796963207004
3,8,18,5.45439140866615
3,8,19,5.40000917783639
3,8,20,5.12580627649625
3,9,1,5.88794412711644
3,9,2,5.3199755618467
3,9,3,5.53082909219982
3,9,4,5.64192400680633
3,9,5,5.89288856131567
3,9,6,5.91701355374225
3,9,7,5.51986167373446
3,9,8,5.70051008918125
3,9,9,5.59088311110497
3,9,10,5.61344867022971
3,9,11,5.51213502292876
3,9,12,5.78065504278014
3,9,13,5.42436498340515
3,9,14,5.82411427255976
3,9,15,5.91402803090217
3,9,16,5.88044109795217
3,9,17,5.82563762332436
3,9,18,5.72751564774308
3,9,19,5.58334155800348
3,9,20,5.89518945392972
3,10,1,6.17466070394005
3,10,2,5.71154351525185
3,10,3,5.43481551922412
3,10,4,5.12637013678836
3,10,5,5.42622223794275
3,10,6,5.31460751631109
3,10,7,5.51871832126717
3,10,8,5.44446249031288
3,10,9,5.26513561848973
3,10,10,5.42744982357128
3,10,11,5.72331666351159
3,10,12,5.70554874305844
3,10,13,5.85927371801361
3,10,14,5.62199351760478
3,10,15,5.89963524281038
3,10,16,5.48721034856668
3,10,17,5.46199026269265
3,10,18,5.82925061316955
3,10,19,5.45379864838563
3,10,20,5.1124544748705
4,1,1,6.25592255088728
4,1,2,5.83305223524769
4,1,3,6.48009479717946
4,1,4,6.06192911402235
4,1,5,5.94972753788865
4,1,6,5.85388938290091
4,1,7,5.30345750715723
4,1,8,5.92484484078579
4,1,9,5.73924044857396
4,1,10,5.76426359177629
4,1,11,5.43479669032791
4,1,12,5.72177845670766
4,1,13,5.97878792213742
4,1,14,5.60513381878228
4,1,15,5.84687930847769
4,1,16,5.90351860849932
4,1,17,5.99273059939452
4,1,18,6.5455929524767
4,1,19,5.91029411245734
4,1,20,6.13333142112048
4,2,1,6.01405414075034
4,2,2,6.05740184767086
4,2,3,6.05891903598819
4,2,4,5.64939495041453
4,2,5,5.39436801333559
4,2,6,5.30896375454604
4,2,7,5.74463107832044
4,2,8,5.50574123725531
4,2,9,5.6435055282743
4,2,10,5.66948284824938
4,2,11,5.81117706721555
4,2,12,5.83035979399726
4,2,13,5.93968781755246
4,2,14,5.65508832008797
4,2,15,5.75105867114473
4,2,16,5.74780114033673
4,2,17,5.37181787435221
4,2,18,5.98189313809498
4,2,19,5.7998566040869
4,2,20,5.86039145549705
4,3,1,6.47888894526961
4,3,2,6.03633100782846
4,3,3,6.24895485863053
4,3,4,5.85239650299632
4,3,5,5.77271212910494
4,3,6,5.62851166163503
4,3,7,5.55576884161482
4,3,8,5.28077877420963
4,3,9,5.41985245974005
4,3,10,5.97571561319705
4,3,11,5.2746555270932
4,3,12,5.75541637654606
4,3,13,5.20846976372203
4,3,14,5.56174153627045
4,3,15,5.28484303612743
4,3,16,5.88677873122356
4,3,17,6.29542882909596
4,3,18,6.22811891876091
4,3,19,5.78381133845043
4,3,20,5.50171759532805
4,4,1,6.35231472120195
4,4,2,6.42997514011562
4,4,3,6.08079781504702
4,4,4,5.91521610772518
4,4,5,6.33519869761853
4,4,6,5.82842831211537
4,4,7,5.98092071941562
4,4,8,5.96362967493225
4,4,9,5.83195617697141
4,4,10,5.75396990183535
4,4,11,5.89343326908902
4,4,12,5.85988044592376
4,4,13,5.60686351009046
4,4,14,5.56293101348942
4,4,15,5.68999105909891
4,4,16,5.60502479345772
4,4,17,5.99739041591028
4,4,18,5.5333662264753
4,4,19,6.03103848087691
4,4,20,6.46506337511443
4,5,1,6.13198775454392
4,5,2,5.91608759116481
4,5,3,6.12527103912707
4,5,4,6.07705855992193
4,5,5,5.82299661537741
4,5,6,5.67238634131605
4,5,7,5.47142886853492
4,5,8,5.79788038625147
4,5,9,5.6554869706877
4,5,10,5.78967287160256
4,5,11,6.16561900514576
4,5,12,6.29504658588186
4,5,13,6.3924778535602
4,5,14,6.24509565938091
4,5,15,5.96087401219191
4,5,16,5.98331627232922
4,5,17,5.98354858784333
4,5,18,5.94717150246106
4,5,19,5.92792017194028
4,5,20,5.64586087495585
4,6,1,6.57213670846345
4,6,2,6.10720849266413
4,6,3,6.16216942815213
4,6,4,6.51203397628785
4,6,5,5.88268666211682
4,6,6,6.05650370183227
4,6,7,6.50557002362714
4,6,8,6.11861329668275
4,6,9,6.33384250225262
4,6,10,6.18023377015914
4,6,11,5.71218809755347
4,6,12,5.81663935755248
4,6,13,5.77334522066612
4,6,14,5.83534911647661
4,6,15,6.03239974977027
4,6,16,5.6703753051945
4,6,17,5.91633835062367
4,6,18,5.92216377048871
4,6,19,5.63059863577959
4,6,20,6.00064028343646
4,7,1,5.80500731950043
4,7,2,6.19494793201396
4,7,3,6.2714697527021
4,7,4,5.78056168794334
4,7,5,6.01502994446634
4,7,6,5.82741125593824
4,7,7,5.57917636345884
4,7,8,5.53774270773671
4,7,9,5.73726773237136
4,7,10,5.4525337201788
4,7,11,5.4021875332131
4,7,12,6.19046224706976
4,7,13,5.50544733326924
4,7,14,5.74702109009281
4,7,15,5.75396057752192
4,7,16,5.76190584808516
4,7,17,5.82804203045598
4,7,18,5.85946924631783
4,7,19,5.64643637981303
4,7,20,5.59058027699062
4,8,1,5.85954350209236
4,8,2,6.02321012880954
4,8,3,6.03331365076453
4,8,4,5.42098586892213
4,8,5,5.37721523176624
4,8,6,5.60370085117431
4,8,7,5.70017652782136
4,8,8,5.25833249090978
4,8,9,5.52699747050352
4,8,10,5.36753643920182
4,8,11,5.46563994951032
4,8,12,5.40923499074272
4,8,13,5.66996956453148
4,8,14,5.40863784801577
4,8,15,5.26667805970532
4,8,16,5.88534127853189
4,8,17,5.53178135332968
4,8,18,5.5235149673867
4,8,19,5.99525589881009
4,8,20,5.98619487492323
4,9,1,5.88825131517203
4,9,2,6.23304349035865
4,9,3,5.95224490278546
4,9,4,5.55383356568375
4,9,5,5.85583734542644
4,9,6,6.08306592421975
4,9,7,5.70388975433991
4,9,8,6.11211957337671
4,9,9,5.44311491745494
4,9,10,5.71626638509441
4,9,11,5.26475156581148
4,9,12,5.51562387852886
4,9,13,5.54752120077105
4,9,14,5.41496534916998
4,9,15,5.4318606699736
4,9,16,5.64638582102479
4,9,17,5.22255391389433
4,9,18,5.58525139837154
4,9,19,5.36880297787514
4,9,20,5.37981477873493
4,10,1,6.16140205281012
4,10,2,6.26268566493766
4,10,3,5.99057957079256
4,10,4,6.22021178130636
4,10,5,6.00213558387565
4,10,6,6.2499569377307
4,10,7,6.00861316497968
4,10,8,5.92510285174908
4,10,9,6.20015540987298
4,10,10,5.73122809435032
4,10,11,5.78163346655828
4,10,12,5.95268559290857
4,10,13,5.92547752596231
4,10,14,5.54266138102966
4,10,15,5.42247243437429
4,10,16,5.40150002544555
4,10,17,5.11919826370453
4,10,18,5.48389739907076
4,10,19,5.62280295282251
4,10,20,5.23298675564087
5,1,1,6.80985691864268
5,1,2,6.214444158702
5,1,3,6.41061472847695
5,1,4,6.47318297054458
5,1,5,6.05827002398507
5,1,6,5.94144273460587
5,1,7,6.050782713307
5,1,8,6.18919082557107
5,1,9,6.2825832420771
5,1,10,6.55453398707591
5,1,11,6.57820252041325
5,1,12,6.2351819148933
5,1,13,6.61835672587272
5,1,14,5.89275712656574
5,1,15,6.16994548891325
5,1,16,6.05913395879249
5,1,17,5.85638831439783
5,1,18,5.45425124561891
5,1,19,5.73872932709066
5,1,20,5.99946488137128
5,2,1,7.13150409606696
5,2,2,6.75583838299894
5,2,3,6.27374889656354
5,2,4,5.65357483462449
5,2,5,5.76012718320028
5,2,6,5.2223541581694
5,2,7,5.72201289109861
5,2,8,5.35006568325857
5,2,9,4.75838660275952
5,2,10,4.84071870340698
5,2,11,4.82108034407599
5,2,12,4.92254706395055
5,2,13,4.65147713727045
5,2,14,4.59460098504265
5,2,15,4.86066316967282
5,2,16,5.13848083779663
5,2,17,5.51942147033665
5,2,18,5.14034018420019
5,2,19,5.25712082933407
5,2,20,5.67642105778066
5,3,1,7.07948621733863
5,3,2,6.44955371122355
5,3,3,5.99629818316241
5,3,4,6.07915628505401
5,3,5,5.69527289373302
5,3,6,6.39089520036178
5,3,7,5.58139540824981
5,3,8,5.55766824160841
5,3,9,5.75158580216081
5,3,10,6.23126209412748
5,3,11,5.7207175426917
5,3,12,5.7686725847591
5,3,13,5.78829270056989
5,3,14,5.67449504229492
5,3,15,6.16693474739652
5,3,16,5.64218982498523
5,3,17,5.38984786244161
5,3,18,5.55031266556661
5,3,19,5.89455923143146
5,3,20,5.38303447787415
5,4,1,6.50685426868122
5,4,2,6.44401457994691
5,4,3,6.10187064730622
5,4,4,6.03019189224877
5,4,5,5.87468175770057
5,4,6,5.63418665850853
5,4,7,5.83114517233979
5,4,8,5.85468675945299
5,4,9,5.90702631636181
5,4,10,5.7085801473212
5,4,11,5.7992754984204
5,4,12,5.5450611258551
5,4,13,5.7229097590305
5,4,14,5.76268796126561
5,4,15,5.67384643547343
5,4,16,5.73128932455998
5,4,17,6.23509858209813
5,4,18,5.88476218234571
5,4,19,5.78722276400015
5,4,20,5.30599495920181
5,5,1,6.88651354671313
5,5,2,5.6496555212273
5,5,3,5.80264317115483
5,5,4,6.05889064630034
5,5,5,5.75952834654812
5,5,6,5.39528308866885
5,5,7,5.40061058133955
5,5,8,5.68107561825811
5,5,9,5.10268243922074
5,5,10,5.7874936660713
5,5,11,5.33844153881541
5,5,12,5.14392415885071
5,5,13,4.92295703321216
5,5,14,5.02596353735303
5,5,15,5.7221242238214
5,5,16,5.58088564668624
5,5,17,5.57324812131904
5,5,18,5.71737994244887
5,5,19,5.65023237758459
5,5,20,5.68748786479468
5,6,1,6.64202431552876
5,6,2,6.2236810625283
5,6,3,6.31988446938832
5,6,4,6.05424022036676
5,6,5,6.32293693420243
5,6,6,6.00173447790236
5,6,7,5.53656818336888
5,6,8,5.67280978986046
5,6,9,5.75865266347051
5,6,10,5.23776955767232
5,6,11,5.15686662408632
5,6,12,5.59277576634532
5,6,13,5.30993530089544
5,6,14,5.46937655946935
5,6,15,5.34932079949977
5,6,16,5.61548787610807
5,6,17,5.33956026486844
5,6,18,6.23062488143624
5,6,19,5.95708866843497
5,6,20,5.7772043394192
5,7,1,6.42526522879805
5,7,2,6.21803664160761
5,7,3,6.3384550755469
5,7,4,6.37169901934653
5,7,5,6.28120680364389
5,7,6,5.77817884249367
5,7,7,6.19164700654189
5,7,8,6.3748349385956
5,7,9,6.70305645935686
5,7,10,6.23897428193535
5,7,11,6.11960946082754
5,7,12,5.94560354467439
5,7,13,6.21771515673477
5,7,14,6.0207195771417
5,7,15,6.17950574323799
5,7,16,6.15250012358491
5,7,17,6.02438513625634
5,7,18,5.98696810854731
5,7,19,5.89695027641382
5,7,20,6.04228593466216
5,8,1,6.39649267285862
5,8,2,6.34582483640387
5,8,3,5.92214167740272
5,8,4,5.80992505145088
5,8,5,5.87605475025545
5,8,6,6.06191682178224
5,8,7,5.96652284078612
5,8,8,6.00288585837278
5,8,9,6.2674632413445
5,8,10,6.04689104145625
5,8,11,5.88276512945813
5,8,12,6.00107891846186
5,8,13,6.44398553146603
5,8,14,6.43999537698654
5,8,15,5.90008327642237
5,8,16,5.83776359971658
5,8,17,5.75388868014898
5,8,18,5.8558780569953
5,8,19,5.90431998608191
5,8,20,5.82318302695281
5,9,1,6.7049327981065
5,9,2,6.36881395974784
5,9,3,6.50575839860114
5,9,4,6.15138461707086
5,9,5,6.05453697258038
5,9,6,6.13175961881699
5,9,7,5.76387810671089
5,9,8,5.95961001215642
5,9,9,5.67119024722644
5,9,10,6.0995029498792
5,9,11,6.13359016238443
5,9,12,6.14052555013042
5,9,13,5.91607597959503
5,9,14,6.03434011667125
5,9,15,6.1336287963508
5,9,16,6.4004966344506
5,9,17,6.00349995998842
5,9,18,5.72072718133833
5,9,19,5.73467678454735
5,9,20,5.66489097504313
5,10,1,6.47466549066807
5,10,2,6.31359514856756
5,10,3,6.12809993736794
5,10,4,6.20343083701452
5,10,5,5.98711742645635
5,10,6,5.91761913252635
5,10,7,5.518657024133
5,10,8,5.80133213741357
5,10,9,6.19974439234531
5,10,10,5.93299802855467
5,10,11,6.23921715507274
5,10,12,5.80548354291885
5,10,13,5.86800902065385
5,10,14,5.90985226449074
5,10,15,5.66472356070168
5,10,16,5.73899332852311
5,10,17,5.57970314599794
5,10,18,5.50960299856121
5,10,19,5.24668768196035
5,10,20,5.84632373184062
6,1,1,7.48223393483901
6,1,2,6.14431127567504
6,1,3,5.88146119020012
6,1,4,5.89214945496098
6,1,5,5.60845195295895
6,1,6,5.81909213906112
6,1,7,6.47783849184106
6,1,8,6.19741342223339
6,1,9,6.04252174803589
6,1,10,5.58554196696109
6,1,11,5.87120198048675
6,1,12,5.64121379163529
6,1,13,5.80760244756359
6,1,14,5.95840926687516
6,1,15,6.20581902803703
6,1,16,6.13872973212795
6,1,17,5.18984927825713
6,1,18,5.59791445660144
6,1,19,5.38002463315268
6,1,20,5.02179223132049
6,2,1,6.74967230784574
6,2,2,6.03305471702893
6,2,3,6.02645032444012
6,2,4,5.84900316961747
6,2,5,5.70955734993836
6,2,6,5.49726899779954
6,2,7,5.93143660800702
6,2,8,5.81731796747945
6,2,9,5.99900460929013
6,2,10,5.69840218708565
6,2,11,5.78671683694406
6,2,12,5.68114497036368
6,2,13,5.42926805174202
6,2,14,5.50688720924412
6,2,15,5.10223878612886
6,2,16,5.3686738055457
6,2,17,5.51263475443299
6,2,18,4.85921367139056
6,2,19,4.65750677722788
6,2,20,5.21301303968688
6,3,1,6.55183053852059
6,3,2,6.64372888404186
6,3,3,6.71763238915522
6,3,4,6.34097422458487
6,3,5,6.08758798157921
6,3,6,6.0952419204878
6,3,7,6.133219284557
6,3,8,6.59316316467753
6,3,9,5.99169012154531
6,3,10,7.01783295889502
6,3,11,6.07388702817335
6,3,12,5.90706775214195
6,3,13,6.16231394734336
6,3,14,6.2302389133412
6,3,15,6.15755998621771
6,3,16,6.25970911748328
6,3,17,6.09505284331522
6,3,18,6.39056673960092
6,3,19,6.33993659303338
6,3,20,5.97072455549301
6,4,1,7.07009410400654
6,4,2,5.72447435531215
6,4,3,5.71685273614599
6,4,4,5.33860529414459
6,4,5,5.83970709195434
6,4,6,5.24204180089568
6,4,7,5.28458621610388
6,4,8,5.54681574315625
6,4,9,6.21152868658442
6,4,10,5.70036097111507
6,4,11,5.81488012014714
6,4,12,5.5055286245612
6,4,13,5.59304346452035
6,4,14,5.89410587704264
6,4,15,5.54767480294392
6,4,16,5.59109794261889
6,4,17,5.58047598204264
6,4,18,5.62515777809189
6,4,19,5.56021467615386
6,4,20,5.70437640482743
6,5,1,6.34668769682274
6,5,2,6.63967102178322
6,5,3,5.99258190928128
6,5,4,5.95847336865471
6,5,5,5.7112538737939
6,5,6,5.62797180109806
6,5,7,6.40368006989274
6,5,8,6.12440900479932
6,5,9,6.38802222552565
6,5,10,5.67355029149299
6,5,11,5.44109938620179
6,5,12,5.66383438874048
6,5,13,5.69675423913137
6,5,14,5.78336757010592
6,5,15,5.55998860498462
6,5,16,5.62084154281892
6,5,17,5.23739853046524
6,5,18,5.36621420421575
6,5,19,4.93136642543697
6,5,20,5.17898200685444
6,6,1,6.525720338395
6,6,2,6.7071067327352
6,6,3,6.4182019740182
6,6,4,6.8707335286803
6,6,5,6.65643665446745
6,6,6,6.33937110642192
6,6,7,5.69802556629584
6,6,8,6.29264995791608
6,6,9,6.14358639655082
6,6,10,5.99262033404522
6,6,11,5.47639285349102
6,6,12,5.86707246594143
6,6,13,5.97611260970824
6,6,14,5.94445661462276
6,6,15,5.87687101729212
6,6,16,6.05920797793649
6,6,17,5.87923857026165
6,6,18,6.13922451261071
6,6,19,5.54398233363779
6,6,20,5.3547593063849
6,7,1,6.80743666270185
6,7,2,6.36712270039197
6,7,3,6.10047716444528
6,7,4,6.06524491073128
6,7,5,6.01969872403995
6,7,6,6.0690400621949
6,7,7,6.41142322874802
6,7,8,6.58790602412042
6,7,9,5.93362675098577
6,7,10,5.58004659447816
6,7,11,5.85959200923126
6,7,12,6.1058200951016
6,7,13,5.87238573138537
6,7,14,5.22197423010016
6,7,15,4.98723780408246
6,7,16,5.21335409238554
6,7,17,5.281873675962
6,7,18,5.15782689012063
6,7,19,5.08489114294161
6,7,20,4.68593303381812
6,8,1,6.52044838404256
6,8,2,5.83778081381316
6,8,3,5.59918172566864
6,8,4,5.6930112226448
6,8,5,5.97193391539554
6,8,6,5.9604208524554
6,8,7,5.86906876303127
6,8,8,6.44781190240487
6,8,9,5.59132144770721
6,8,10,5.69358401492274
6,8,11,5.45028629713383
6,8,12,5.59931285984354
6,8,13,5.14724298800335
6,8,14,4.94138321698892
6,8,15,5.53862644501527
6,8,16,5.48905321004038
6,8,17,5.62139598603896
6,8,18,5.86884504214716
6,8,19,4.82496449314398
6,8,20,4.99597177331371
6,9,1,6.84037020765072
6,9,2,6.193033626932
6,9,3,6.35504445518895
6,9,4,6.04254494833851
6,9,5,5.43262832820129
6,9,6,5.81783990336928
6,9,7,5.2213724032896
6,9,8,5.59321143935136
6,9,9,5.25657777920456
6,9,10,4.95074044005702
6,9,11,5.07535884276174
6,9,12,5.71018940093519
6,9,13,5.28322788788083
6,9,14,5.59585617917783
6,9,15,5.63250585892476
6,9,16,5.70307641946754
6,9,17,5.52569602204198
6,9,18,5.50728441999416
6,9,19,5.76182775776034
6,9,20,5.55444484664726
6,10,1,6.40551066513395
6,10,2,6.04562644083091
6,10,3,5.94058983295261
6,10,4,5.79116636566623
6,10,5,6.33667636595045
6,10,6,6.05057069567978
6,10,7,6.40425594332586
6,10,8,5.62752025411539
6,10,9,6.1104059526516
6,10,10,6.24182488583772
6,10,11,5.82517439727663
6,10,12,6.03642510023831
6,10,13,5.75023417237592
6,10,14,5.79785255667832
6,10,15,6.03397350406544
6,10,16,5.4324683200408
6,10,17,5.34097851846795
6,10,18,6.02397443198288
6,10,19,6.11631786811192
6,10,20,5.95397774843397
7,1,1,6.28534435928559
7,1,2,5.98387276446451
7,1,3,5.55662735265757
7,1,4,5.75671963536915
7,1,5,5.40628563080559
7,1,6,5.63501011654974
7,1,7,5.456754200538
7,1,8,5.376455959331
7,1,9,5.10521090189563
7,1,10,4.95812512697074
7,1,11,5.41464719026895
7,1,12,5.26622589288206
7,1,13,5.59844744225563
7,1,14,5.24918938308652
7,1,15,5.84280837080782
7,1,16,5.20417552351645
7,1,17,5.40995111921238
7,1,18,5.25783300983206
7,1,19,5.60790263887515
7,1,20,5.49645135362517
7,2,1,6.33987053311185
7,2,2,5.96592820901502
7,2,3,5.81121465908432
7,2,4,5.39107336181198
7,2,5,5.4413257052517
7,2,6,5.39794164169925
7,2,7,5.35650955706198
7,2,8,5.58885967203616
7,2,9,5.47247716699936
7,2,10,5.69776493951068
7,2,11,5.86278944068104
7,2,12,6.02630725591884
7,2,13,5.99988334345652
7,2,14,5.87833111094048
7,2,15,6.09770016317996
7,2,16,6.30837768292346
7,2,17,5.97391828881465
7,2,18,5.8371966262696
7,2,19,5.80486655722183
7,2,20,5.75362192971015
7,3,1,6.15827799681121
7,3,2,6.2791167086715
7,3,3,5.74332849135547
7,3,4,5.89432835117922
7,3,5,5.81458456745388
7,3,6,5.98477129717185
7,3,7,5.98474820083756
7,3,8,5.91285426501642
7,3,9,5.6921783664767
7,3,10,5.45989744390927
7,3,11,5.42747932910753
7,3,12,5.44686836975973
7,3,13,5.45722335622326
7,3,14,5.78477647361179
7,3,15,6.0250835370762
7,3,16,5.53378264837314
7,3,17,5.52136922249843
7,3,18,5.485041677748
7,3,19,5.58397219388975
7,3,20,5.34418551627811
7,4,1,6.31585480293771
7,4,2,6.31071830888043
7,4,3,6.98819584837866
7,4,4,6.40845900063514
7,4,5,5.56205117830897
7,4,6,5.89077839602703
7,4,7,5.53718448951055
7,4,8,5.63489792880447
7,4,9,5.86109950201789
7,4,10,6.00205439127657
7,4,11,5.8004578383303
7,4,12,6.01463189762179
7,4,13,5.79655753614801
7,4,14,5.27207470667822
7,4,15,5.48883863050524
7,4,16,5.67551391126021
7,4,17,5.80482457593458
7,4,18,5.21229590716734
7,4,19,5.22102817296065
7,4,20,6.01535423878013
7,5,1,6.37643537475544
7,5,2,5.98716266706378
7,5,3,5.82717324525477
7,5,4,5.76457475434927
7,5,5,5.18607349179162
7,5,6,5.46989625739451
7,5,7,5.41236353212683
7,5,8,5.14953550477636
7,5,9,5.44038464174318
7,5,10,5.6592097719817
7,5,11,5.90051352544763
7,5,12,5.30313446706874
7,5,13,5.36777719035363
7,5,14,5.27977799310075
7,5,15,4.92942117113425
7,5,16,5.11849510260558
7,5,17,5.40202881168495
7,5,18,5.79741155807099
7,5,19,6.11475366827987
7,5,20,5.70369043753224
7,6,1,6.0090551884478
7,6,2,6.1432169359007
7,6,3,5.94629447063835
7,6,4,5.9467276614989
7,6,5,5.31540276543528
7,6,6,5.96753127114222
7,6,7,5.33889703204428
7,6,8,5.64328388267873
7,6,9,5.81449474992335
7,6,10,5.33714214205229
7,6,11,5.51574852268721
7,6,12,5.49040002843983
7,6,13,5.52973709152659
7,6,14,5.54254190099763
7,6,15,5.1672132087818
7,6,16,5.24371691770918
7,6,17,5.2604502545446
7,6,18,5.3148116618044
7,6,19,5.42375488612002
7,6,20,5.12801928913505
7,7,1,6.1392147823875
7,7,2,6.29209630889284
7,7,3,5.82570362448445
7,7,4,5.72309275162647
7,7,5,5.61478812844469
7,7,6,5.90869389596845
7,7,7,5.71391536258464
7,7,8,5.41316279767454
7,7,9,5.56116304028929
7,7,10,5.47689818952219
7,7,11,5.56444240955037
7,7,12,5.45932155678678
7,7,13,5.54851513905977
7,7,14,5.65309937223852
7,7,15,5.56107674655023
7,7,16,5.52160341611166
7,7,17,5.69908295228337
7,7,18,6.04714440631785
7,7,19,6.15028272003373
7,7,20,5.97904572393915
7,8,1,6.10133794395312
7,8,2,6.1479434932402
7,8,3,5.83609304114509
7,8,4,5.97865195925862
7,8,5,5.74002367415371
7,8,6,6.40537524306143
7,8,7,5.99647030306222
7,8,8,5.79460849128176
7,8,9,5.35849133279204
7,8,10,5.76726103321404
7,8,11,6.09651197808551
7,8,12,5.79172576336201
7,8,13,5.74997242638855
7,8,14,5.8607467257073
7,8,15,6.29078421449935
7,8,16,6.16389892454119
7,8,17,5.29419086890088
7,8,18,5.75630118079982
7,8,19,5.61115629452343
7,8,20,5.91298500742961
7,9,1,5.9938228560058
7,9,2,6.02175367955418
7,9,3,5.55842719881427
7,9,4,5.32823181655182
7,9,5,5.36233442940607
7,9,6,5.31049368450221
7,9,7,5.23730176207436
7,9,8,5.27418814489996
7,9,9,5.1632972530569
7,9,10,4.67540483121825
7,9,11,5.05467438939599
7,9,12,5.12806258736282
7,9,13,5.30655044902818
7,9,14,5.38776641305593
7,9,15,5.62763230500772
7,9,16,5.4896422221547
7,9,17,5.52268414298207
7,9,18,5.64626709544295
7,9,19,5.24777446480503
7,9,20,5.3369828329054
7,10,1,6.07279317608737
7,10,2,6.16611691500794
7,10,3,5.87698875039965
7,10,4,5.89058580438926
7,10,5,5.83979019019131
7,10,6,5.85155193302767
7,10,7,5.67713961046569
7,10,8,5.69350640498683
7,10,9,6.03606964189592
7,10,10,6.11512656778628
7,10,11,6.18299947574203
7,10,12,5.82651130142376
7,10,13,5.6334180584499
7,10,14,5.62372233755241
7,10,15,5.03529963553059
7,10,16,5.66996684927403
7,10,17,4.92166094910615
7,10,18,5.17841421076054
7,10,19,4.80656810568649
7,10,20,4.48947403844847
8,1,1,5.97610566176417
8,1,2,5.86672179837014
8,1,3,5.7981196925469
8,1,4,5.84648637890239
8,1,5,5.78284586749154
8,1,6,5.67586360133019
8,1,7,5.6390533320932
8,1,8,5.69909761581258
8,1,9,5.06422538589883
8,1,10,5.1711901373482
8,1,11,5.06509914919351
8,1,12,5.27726316949342
8,1,13,5.25653338775674
8,1,14,4.95462243511177
8,1,15,4.92050873972199
8,1,16,5.70928492911513
8,1,17,5.191414164085
8,1,18,5.25705784417592
8,1,19,5.56209937015146
8,1,20,5.70390472194424
8,2,1,6.31564437757072
8,2,2,6.1710010058677
8,2,3,5.38055384506727
8,2,4,5.64866369879817
8,2,5,5.58906384437208
8,2,6,5.10176245940265
8,2,7,5.3002938943082
8,2,8,4.84226401793379
8,2,9,5.15199661812516
8,2,10,5.2289071695222
8,2,11,5.27673126656415
8,2,12,5.07782979487744
8,2,13,5.673024312623
8,2,14,5.39810963164113
8,2,15,5.73196006700683
8,2,16,5.56841218099265
8,2,17,5.69662211300514
8,2,18,6.06388538730032
8,2,19,5.50172556824336
8,2,20,6.09226891263438
8,3,1,6.0106643702008
8,3,2,6.10088069719207
8,3,3,5.87191024077026
8,3,4,5.66737646614168
8,3,5,5.85710445812547
8,3,6,5.82717722576014
8,3,7,5.94881205529217
8,3,8,5.67717631992824
8,3,9,5.56168297605696
8,3,10,5.66896400930927
8,3,11,6.08582856765877
8,3,12,5.51282044643102
8,3,13,5.55175745112004
8,3,14,5.73150021532485
8,3,15,5.55138988785907
8,3,16,5.58823589166162
8,3,17,5.81035214029891
8,3,18,5.40532960186358
8,3,19,5.78437439405815
8,3,20,5.772840276314
8,4,1,6.03749023839102
8,4,2,6.07008324539612
8,4,3,6.19985430635616
8,4,4,5.81421193843618
8,4,5,6.02671875186963
8,4,6,5.73858961099583
8,4,7,5.6964263266967
8,4,8,5.70244570401927
8,4,9,6.273158595112
8,4,10,6.08034623345256
8,4,11,5.5445164802538
8,4,12,5.58609129658191
8,4,13,5.53544975596279
8,4,14,5.05857480246317
8,4,15,4.874851915354
8,4,16,5.27488212237897
8,4,17,5.14501528816744
8,4,18,5.3420856418048
8,4,19,4.6894614300265
8,4,20,4.81558407426129
8,5,1,6.34147939206481
8,5,2,6.24055218279055
8,5,3,6.38908987487269
8,5,4,6.03296691905894
8,5,5,6.18394014599296
8,5,6,5.99884824656022
8,5,7,5.56869249855222
8,5,8,5.40219492480317
8,5,9,5.6716492438801
8,5,10,5.49727692938974
8,5,11,5.76067188483769
8,5,12,6.20091532574586
8,5,13,6.0695816694883
8,5,14,6.09982119334622
8,5,15,5.99791132142438
8,5,16,5.71812442356499
8,5,17,6.17821822355166
8,5,18,6.26968256000071
8,5,19,5.56117170993726
8,5,20,5.32652667797503
8,6,1,6.19629877156556
8,6,2,5.89756904844615
8,6,3,5.97645412763281
8,6,4,5.50766485413484
8,6,5,5.55769024462778
8,6,6,5.99622877281798
8,6,7,5.68950879125341
8,6,8,5.99599354361208
8,6,9,6.10538611594841
8,6,10,5.91152773751033
8,6,11,5.93814851500554
8,6,12,5.75577147051571
8,6,13,5.66568673591077
8,6,14,5.63782876334649
8,6,15,6.01753678983708
8,6,16,5.60961307451334
8,6,17,5.44238237559872
8,6,18,5.22964441164956
8,6,19,5.46540369862219
8,6,20,5.60806402446475
8,7,1,6.15885996903976
8,7,2,6.73529176500823
8,7,3,6.20776751947013
8,7,4,5.69347339433611
8,7,5,5.84539330437755
8,7,6,5.7005607985706
8,7,7,6.13189514788591
8,7,8,5.52441199581169
8,7,9,5.85420698043058
8,7,10,5.81811737412856
8,7,11,6.21374449961877
8,7,12,6.16303361849018
8,7,13,6.25083150428213
8,7,14,5.49387754297064
8,7,15,5.74713673560852
8,7,16,5.8187361444711
8,7,17,5.57398827243415
8,7,18,5.99250965137575
8,7,19,6.43387267932525
8,7,20,5.89063279358713
8,8,1,6.29748256007771
8,8,2,5.81483975044724
8,8,3,5.59344631423195
8,8,4,5.78775088873432
8,8,5,5.85711079156449
8,8,6,6.22981511498799
8,8,7,6.38609252679624
8,8,8,5.93662198371578
8,8,9,5.68253923197636
8,8,10,5.65162060689474
8,8,11,5.5986234894804
8,8,12,5.97831020085632
8,8,13,5.73320350745131
8,8,14,5.48340065134689
8,8,15,5.46144235749612
8,8,16,5.39837744218184
8,8,17,5.44833250974718
8,8,18,5.76858004894046
8,8,19,5.67588687175806
8,8,20,5.8942108888711
8,9,1,6.23688022661773
8,9,2,5.78048491709965
8,9,3,5.76989860149923
8,9,4,5.41465658294312
8,9,5,5.72987855162125
8,9,6,5.37797187510102
8,9,7,5.97171082257577
8,9,8,5.76316109720102
8,9,9,5.60814333860828
8,9,10,5.53514328469038
8,9,11,5.50225887322039
8,9,12,5.30444570118817
8,9,13,5.67562132310274
8,9,14,5.00091767260922
8,9,15,5.18951894921396
8,9,16,5.05313385816133
8,9,17,5.30093994270225
8,9,18,5.06559120542006
8,9,19,4.78331744382994
8,9,20,5.47739466957269
8,10,1,6.32480948113375
8,10,2,5.95370374271304
8,10,3,5.91126784181816
8,10,4,5.63063180813187
8,10,5,6.20107956769765
8,10,6,5.48752055507605
8,10,7,5.74731419228175
8,10,8,5.16181298496421
8,10,9,5.43457205124415
8,10,10,5.75205395211419
8,10,11,5.56116100568814
8,10,12,5.90680544046273
8,10,13,5.73037016022196
8,10,14,5.178654446572
8,10,15,5.63920891636982
8,10,16,5.28481231780149
8,10,17,5.70101404362675
8,10,18,5.71515350285905
8,10,19,5.21998021653978
8,10,20,5.0933179059816
9,1,1,6.23471764141147
9,1,2,6.27465746109988
9,1,3,6.23169774004188
9,1,4,6.37828073015923
9,1,5,6.56217963768204
9,1,6,6.17625761722858
9,1,7,5.37467317557054
9,1,8,5.53898710313299
9,1,9,5.35022229715942
9,1,10,5.52025589583246
9,1,11,5.62193646864183
9,1,12,5.72092366915276
9,1,13,5.76093934154421
9,1,14,5.59004756134622
9,1,15,5.41097595898372
9,1,16,5.18372047055057
9,1,17,5.45604710232847
9,1,18,5.55097097784755
9,1,19,5.41637156994003
9,1,20,5.25828480958726
9,2,1,6.49987696812233
9,2,2,6.34591106685134
9,2,3,6.09959649783447
9,2,4,6.02761674247082
9,2,5,5.66802973616548
9,2,6,5.64845176166543
9,2,7,5.28380024811662
9,2,8,6.00793296241999
9,2,9,5.98261129889941
9,2,10,5.72455124849713
9,2,11,5.41358623546107
9,2,12,5.85395650793194
9,2,13,5.99567908780023
9,2,14,5.98932053730402
9,2,15,5.73050359862082
9,2,16,5.30080872470798
9,2,17,6.18783831218422
9,2,18,5.99010175608809
9,2,19,5.49719995184395
9,2,20,6.04577433161126
9,3,1,6.89937064544456
9,3,2,6.24853976975858
9,3,3,6.31192789355778
9,3,4,6.15120278274916
9,3,5,5.94258494609143
9,3,6,6.13560459777086
9,3,7,6.00602003066946
9,3,8,6.08687493628928
9,3,9,6.14084775201637
9,3,10,5.86691173184092
9,3,11,5.84820770729938
9,3,12,6.35722794907745
9,3,13,5.92810339878413
9,3,14,5.8491957588688
9,3,15,5.85686692226436
9,3,16,5.78773145325133
9,3,17,6.04237539010844
9,3,18,5.61327728478439
9,3,19,5.81690493559701
9,3,20,6.04372574639202
9,4,1,6.60613177558055
9,4,2,6.39494344667652
9,4,3,6.4658111265069
9,4,4,6.22938272797396
9,4,5,6.05348575912275
9,4,6,5.87932977332158
9,4,7,5.78300352066409
9,4,8,5.54627229095736
9,4,9,5.54504577055355
9,4,10,5.71578578220704
9,4,11,5.68769225258355
9,4,12,5.96329736513871
9,4,13,5.82672407810757
9,4,14,5.61199281647038
9,4,15,5.22076806418912
9,4,16,5.51292113246696
9,4,17,5.75300216566774
9,4,18,5.64119069039711
9,4,19,5.27119336991693
9,4,20,5.9984651392626
9,5,1,6.6719499536467
9,5,2,6.53361982205297
9,5,3,6.03435942359426
9,5,4,6.06836720753468
9,5,5,5.84161393930463
9,5,6,6.27686201134548
9,5,7,5.54753068756512
9,5,8,5.79193134943529
9,5,9,5.84375716215118
9,5,10,5.91913965179097
9,5,11,6.08291068177819
9,5,12,6.0765070277658
9,5,13,5.8052374981072
9,5,14,5.95288435734966
9,5,15,5.85975569395775
9,5,16,5.67171867827984
9,5,17,6.03039374334116
9,5,18,5.90671579228869
9,5,19,6.22714422151861
9,5,20,6.40797151597349
9,6,1,6.43347371187478
9,6,2,6.11129078989584
9,6,3,5.74622028031767
9,6,4,5.74553791660549
9,6,5,5.716001686747
9,6,6,5.87833852173684
9,6,7,5.91341289864553
9,6,8,6.17720678435024
9,6,9,5.94534219562424
9,6,10,5.87105705638696
9,6,11,5.94947724451826
9,6,12,5.78329600294227
9,6,13,5.79483079133563
9,6,14,5.73207015315291
9,6,15,5.68446482005882
9,6,16,5.72939788617194
9,6,17,5.92557544215438
9,6,18,5.57576712551456
9,6,19,5.38825392945114
9,6,20,5.67443356543241
9,7,1,6.42438835000699
9,7,2,6.67373405124111
9,7,3,6.42850889331493
9,7,4,6.15462189170518
9,7,5,6.45510894543349
9,7,6,5.99091882842604
9,7,7,5.82243714242152
9,7,8,5.50709950573259
9,7,9,5.8305449846876
9,7,10,5.86338001535357
9,7,11,5.72093015695698
9,7,12,6.01307991444145
9,7,13,5.95701496278731
9,7,14,5.84474060621612
9,7,15,5.92294837576378
9,7,16,6.16136953227095
9,7,17,5.80053376590966
9,7,18,5.90647078803809
9,7,19,5.63828776803971
9,7,20,5.73155220850151
9,8,1,6.83545008052664
9,8,2,6.41811291334255
9,8,3,5.93538348016206
9,8,4,6.29236216834852
9,8,5,5.64286029308069
9,8,6,5.54447974658495
9,8,7,5.78298431660584
9,8,8,5.46582841324242
9,8,9,5.34306085971623
9,8,10,5.5394304085507
9,8,11,5.71235535704721
9,8,12,5.51495441177888
9,8,13,5.45655540580741
9,8,14,5.35835277674283
9,8,15,5.29638229365383
9,8,16,5.31278458522437
9,8,17,5.71659233347206
9,8,18,5.29109199801704
9,8,19,5.37555134392991
9,8,20,5.36802931711754
9,9,1,6.81710649642671
9,9,2,6.30617560612005
9,9,3,5.85942717699595
9,9,4,5.78224563019295
9,9,5,6.02785335620059
9,9,6,5.76166143099467
9,9,7,5.68282782814692
9,9,8,5.73426847840713
9,9,9,5.88692452946701
9,9,10,6.05492881227558
9,9,11,5.65067746741538
9,9,12,5.48375568911545
9,9,13,5.69591687562466
9,9,14,5.88603242133732
9,9,15,5.70840255250742
9,9,16,5.82641430335614
9,9,17,5.85528132914899
9,9,18,5.70248354824745
9,9,19,6.10234174927417
9,9,20,5.73838967971811
9,10,1,6.17957878648614
9,10,2,5.92297679503035
9,10,3,6.01316364482046
9,10,4,5.65010016566132
9,10,5,5.35848865733065
9,10,6,5.44193483800864
9,10,7,5.92002724617095
9,10,8,5.81646259707309
9,10,9,5.70197042941291
9,10,10,5.67774111259449
9,10,11,5.44667642330465
9,10,12,5.54719423161395
9,10,13,5.77763505197436
9,10,14,5.95446624303235
9,10,15,5.67944977830189
9,10,16,6.20256800046447
9,10,17,6.01086110302519
9,10,18,5.87508207266636
9,10,19,5.67973393176069
9,10,20,5.43549967379481
10,1,1,6.16025812730666
10,1,2,6.26197349696237
10,1,3,5.90072260650998
10,1,4,5.86990632789619
10,1,5,5.79512270699011
10,1,6,5.70645583710144
10,1,7,5.9275269594453
10,1,8,5.64529466540495
10,1,9,5.61713824582499
10,1,10,5.55447041850536
10,1,11,5.64387838970849
10,1,12,5.82820945982061
10,1,13,6.23630710021548
10,1,14,5.89584977703808
10,1,15,5.80582287858833
10,1,16,5.71604029075394
10,1,17,6.20214186370083
10,1,18,5.93328114494758
10,1,19,5.69572445683639
10,1,20,5.98625570397432
10,2,1,6.3631773786929
10,2,2,6.23033964903732
10,2,3,5.65722721022162
10,2,4,6.38615530354177
10,2,5,5.7831619097017
10,2,6,5.69819350782933
10,2,7,5.5409829270883
10,2,8,5.61387941779252
10,2,9,5.46729338027324
10,2,10,5.54644212077669
10,2,11,5.1921362126896
10,2,12,5.1956922383841
10,2,13,5.53767619728329
10,2,14,5.79510102731056
10,2,15,5.70593472872037
10,2,16,5.92373275501354
10,2,17,5.77991183534326
10,2,18,5.39353226823254
10,2,19,5.39837943153165
10,2,20,5.4299678666981
10,3,1,6.21852887856474
10,3,2,6.00278845949784
10,3,3,5.93262926190036
10,3,4,6.58519428632007
10,3,5,6.39002739725499
10,3,6,6.33176783740475
10,3,7,6.23278190113637
10,3,8,6.19791601631241
10,3,9,5.89376353440055
10,3,10,6.47611961977328
10,3,11,6.64646949076056
10,3,12,6.43724682538328
10,3,13,5.93640300921784
10,3,14,6.04601511839786
10,3,15,5.84696106898501
10,3,16,5.90725261824105
10,3,17,5.92236418498259
10,3,18,5.90738841335891
10,3,19,5.9967286186012
10,3,20,5.5023821578495
10,4,1,6.48855841410719
10,4,2,6.68896356237512
10,4,3,6.37538070085919
10,4,4,5.96495040399592
10,4,5,6.24562385604975
10,4,6,6.08145952787597
10,4,7,5.54173976006759
10,4,8,5.53015271950134
10,4,9,5.72451970943386
10,4,10,5.74321764631744
10,4,11,5.84405669613419
10,4,12,5.59048949558886
10,4,13,5.50170069317254
10,4,14,5.64611234447492
10,4,15,5.66602312894646
10,4,16,5.87786681604622
10,4,17,6.13266221237836
10,4,18,5.44014177424861
10,4,19,5.69015875281307
10,4,20,5.85532134201795
10,5,1,6.20589278426324
10,5,2,6.07320882005618
10,5,3,6.25000210396885
10,5,4,6.04580350848357
10,5,5,6.0939198442377
10,5,6,5.80164428294895
10,5,7,5.60891230596813
10,5,8,5.47320566886227
10,5,9,5.49602104469511
10,5,10,5.54782857557672
10,5,11,5.88530049219252
10,5,12,5.66401254151272
10,5,13,5.7187050904188
10,5,14,5.66042828646347
10,5,15,6.00650608248169
10,5,16,5.42896392158887
10,5,17,5.64240581816424
10,5,18,6.04465153655738
10,5,19,5.93583694315654
10,5,20,5.77938751442729
10,6,1,6.42040745222406
10,6,2,6.2827555229731
10,6,3,6.06578416723669
10,6,4,6.20567095137309
10,6,5,5.56537266381263
10,6,6,6.00507661767046
10,6,7,5.62685609988183
10,6,8,5.84524804349417
10,6,9,5.71967276219771
10,6,10,6.15555985036547
10,6,11,6.47797853655522
10,6,12,5.98635359779687
10,6,13,5.78157106443665
10,6,14,6.00527012983682
10,6,15,5.67703050768895
10,6,16,5.81628714804726
10,6,17,6.12840591039216
10,6,18,5.83605171701799
10,6,19,5.56844760288899
10,6,20,5.57422886509057
10,7,1,6.13975413071099
10,7,2,6.00934308369196
10,7,3,5.51702215858688
10,7,4,5.72064311901642
10,7,5,5.24031022975716
10,7,6,5.88717254524509
10,7,7,5.44073551488759
10,7,8,5.5666080583751
10,7,9,5.60478805372898
10,7,10,5.58885462794682
10,7,11,5.67996984933211
10,7,12,5.20552419509137
10,7,13,5.28912401476838
10,7,14,4.90229757396607
10,7,15,5.33557049316193
10,7,16,5.09872652224855
10,7,17,4.99012037775296
10,7,18,5.2453907716417
10,7,19,5.12460721897766
10,7,20,4.94060915640886
10,8,1,6.29284177081319
10,8,2,6.7394541310416
10,8,3,6.11627772880244
10,8,4,5.93618332318464
10,8,5,5.88245859178079
10,8,6,5.44058937552605
10,8,7,5.28265369429794
10,8,8,4.97450316210881
10,8,9,5.17812941385291
10,8,10,5.57163244798522
10,8,11,5.28580197247856
10,8,12,5.27841712702478
10,8,13,5.10114108383012
10,8,14,5.21801184074609
10,8,15,4.63451445468806
10,8,16,5.14209402843313
10,8,17,5.36427237114461
10,8,18,5.45215409851567
10,8,19,5.37328193285001
10,8,20,4.74059269896695
10,9,1,6.30380403318783
10,9,2,6.53481244839503
10,9,3,5.8525611494224
10,9,4,5.86631122163026
10,9,5,6.02015723332821
10,9,6,5.96114639762586
10,9,7,5.43699781016866
10,9,8,5.78179639319898
10,9,9,5.2572411121502
10,9,10,5.43153536938437
10,9,11,5.24510759144505
10,9,12,5.45427368437789
10,9,13,5.41568240281489
10,9,14,5.51842571803362
10,9,15,5.7874140013839
10,9,16,5.88463851810214
10,9,17,5.85084741816339
10,9,18,5.31758379305261
10,9,19,5.07654028066568
10,9,20,5.38344426478791
10,10,1,6.06723342493208
10,10,2,6.43384916273803
10,10,3,6.31661569875853
10,10,4,6.44501235508364
10,10,5,6.72199081013974
10,10,6,6.20097524734908
10,10,7,6.18203132686064
10,10,8,6.32080506839165
10,10,9,6.20371212194824
10,10,10,6.14781704666241
10,10,11,5.9454387695767
10,10,12,5.70342103711786
10,10,13,5.13410136434789
10,10,14,5.17929436739284
10,10,15,5.12768961580967
10,10,16,5.07228324015953
10,10,17,5.53547819660986
10,10,18,5.14402530793485
10,10,19,5.01065765768932
10,10,20,5.28667490613246
